Dataset,PCASkewnessFirstPC,PCAKurtosisFirstPC,PCAFractionOfComponentsFor95PercentVariance,Landmark1NN,LandmarkRandomNodeLearner,LandmarkDecisionNodeLearner,LandmarkDecisionTree,LandmarkNaiveBayes,LandmarkLDA,ClassEntropy,SkewnessSTD,SkewnessMean,SkewnessMax,SkewnessMin,KurtosisSTD,KurtosisMean,KurtosisMax,KurtosisMin,SymbolsSum,SymbolsSTD,SymbolsMean,SymbolsMax,SymbolsMin,ClassProbabilitySTD,ClassProbabilityMean,ClassProbabilityMax,ClassProbabilityMin,InverseDatasetRatio,DatasetRatio,NumberOfMissingValues,NumberOfFeaturesWithMissingValues,NumberOfInstancesWithMissingValues,NumberOfFeatures,NumberOfClasses,NumberOfInstances,LogInverseDatasetRatio,LogDatasetRatio,PercentageOfMissingValues,PercentageOfFeaturesWithMissingValues,PercentageOfInstancesWithMissingValues,LogNumberOfFeatures,LogNumberOfInstances
ada,0.06903389052469551,0.28204975133494914,0.125,0.7501841382417486,0.7518700132253986,0.7518700132253986,0.800585696222768,0.7718804772770212,0.8434990625953753,0.808302654832032,10.961566356874329,5.691532300396698,64.37390963112573,-2.0766804342546927,652.5125310367948,151.1644828053917,4142.000241196335,-3.0,671.0,48.99595628864579,13.979166666666666,330.0,1.0,0.25186882083433804,0.5,0.751868820834338,0.24813117916566194,86.39583333333333,0.011574632264287437,0.0,0.0,0.0,48.0,2.0,4147.0,4.45893944933849,-4.45893944933849,0.0,0.0,0.0,3.871201010907891,8.330140460246382
austrilian,0.46281270005668584,-0.6487557462992477,0.35714285714285715,0.6942028985507246,0.6869565217391305,0.855072463768116,0.8057971014492754,0.8579710144927535,0.8623188405797102,0.9912308989033523,0.9514927604095015,0.1685117716762732,2.120879855388722,-1.9404952510579145,2.3742551873154873,-0.06664350813731905,6.661615651758099,-1.9913782215898086,1167.0,112.2927342407571,83.35714285714286,350.0,2.0,0.05507246376811592,0.5,0.5550724637681159,0.4449275362318841,49.285714285714285,0.020289855072463767,0.0,0.0,0.0,14.0,2.0,690.0,3.8976342679760463,-3.8976342679760467,0.0,0.0,0.0,2.6390573296152584,6.536691597591305
blood,3.2044451698798917,15.75910721243143,0.25,0.7046532438478748,0.7621029082774049,0.7621029082774049,0.7113288590604027,0.7541387024608502,0.7728053691275167,0.7916446298452328,1.026961731837591,2.2585703379392172,3.2048221801543617,0.7479465443244487,6.555214709542027,10.148276743801551,15.76221572558892,-0.2520030108444278,175.0,19.79109648301478,43.75,78.0,31.0,0.2620320855614974,0.5,0.7620320855614974,0.23796791443850268,187.0,0.0053475935828877,0.0,0.0,0.0,4.0,2.0,748.0,5.231108616854587,-5.231108616854587,0.0,0.0,0.0,1.3862943611198906,6.617402977974478
christine,-0.15900725819568298,-0.47241808912289285,0.3954767726161369,0.6482115416722035,0.5099659957818414,0.6404561607942949,0.6327041871526748,0.6757133900978899,0.6895542653487476,1.0,5.479422353663908,1.2015684841876484,73.58668483227127,-73.58668483227129,335.7405243235216,38.48904283100165,5413.000184604025,-3.0,646304.0,172.2340685835188,395.0513447432763,756.0,1.0,0.0,0.5,0.5,0.5,3.3117359413202934,0.3019564414913252,0.0,0.0,0.0,1636.0,2.0,5418.0,1.197472505482348,-1.197472505482348,0.0,0.0,0.0,7.400009517162692,8.59748202264504
Click_prediction_small,0.23858683504612319,-1.1149674936801497,0.09090909090909091,0.7369830920519469,0.8315811117633428,0.8315811117633428,0.7408382364299095,0.8315811117633428,0.8315560773410123,0.6540751823932877,45.23797138850656,16.180799295830784,159.0556388860041,-0.8821075521212928,7795.587609938853,2475.5277444390204,27127.29298861536,-1.1149674936801497,155037.0,12096.198419269878,14094.272727272728,30748.0,3.0,0.33158105537198357,0.5,0.8315810553719836,0.16841894462801643,3631.6363636363635,0.00027535796535496144,0.0,0.0,0.0,11.0,2.0,39948.0,8.197438614564655,-8.197438614564655,0.0,0.0,0.0,2.3978952727983707,10.595333887363026
credit,2.478940351153095,9.236172513283543,0.17391304347826086,0.6947,0.7787999999999999,0.8196,0.7245999999999999,0.3787,0.8103333333333333,0.7623526222941667,7.3881096327916005,5.286087220032887,30.452294738147945,-0.4241622176497638,351.3160094804684,145.11908391439394,1641.3581184658528,-1.820086413118434,174604.0,8923.438588880825,7591.478260869565,22723.0,2.0,0.2788,0.5,0.7788,0.2212,1304.3478260869565,0.0007666666666666667,0.0,0.0,0.0,23.0,2.0,30000.0,7.173458444715143,-7.173458444715143,0.0,0.0,0.0,3.1354942159291497,10.308952660644293
EEG,95.46870470640326,9511.44978326638,0.21428571428571427,0.43831775700934583,0.3515353805073431,0.45313751668891855,0.43264352469959955,0.44953271028037384,0.3535380507343124,0.9924223733876091,51.96184060480104,71.73008270483062,122.37552142562957,-13.613797368722386,5971.858029162225,8901.749575321557,14974.179076227345,2055.834300833632,5418.0,104.21200917909057,387.0,592.0,285.0,0.05120160213618155,0.5,0.5512016021361815,0.4487983978638184,1070.0,0.0009345794392523365,0.0,0.0,0.0,14.0,2.0,14980.0,6.975413927455952,-6.975413927455952,0.0,0.0,0.0,2.6390573296152584,9.61447125707121
electricity,0.0014402159373254043,-1.2488510734217861,0.25,0.6462959533394979,0.5754551728717779,0.7538595972531279,0.7007629055718824,0.729826536347629,0.7059940601181269,0.9835093906057097,25.736535147194072,11.040334644698204,78.68440206128668,-0.1658090366513225,2323.828244660828,900.2686319437552,7046.996485449294,-1.318124370249342,18865.0,1833.3335374052917,2358.125,5266.0,7.0,0.07545462570621467,0.5,0.5754546257062146,0.4245453742937853,5664.0,0.00017655367231638418,0.0,0.0,0.0,8.0,2.0,45312.0,8.641885635373555,-8.641885635373555,0.0,0.0,0.0,2.0794415416798357,10.721327177053391
emotion,-0.004235155122648398,1.0303664711446636,0.03896103896103896,0.624115546900357,0.6419344368711457,0.7390782213567024,0.7901655306718598,0.8416423239208048,0.8260305095748134,0.9199914351876486,1.3159110619226948,0.9735523206465609,4.151064052904461,-7.475256043144024,10.288495319702685,4.321917854216519,81.18094721492598,-1.919255818919496,26947.0,114.70203539430275,349.961038961039,391.0,2.0,0.1649616368286445,0.5,0.6649616368286445,0.3350383631713555,5.077922077922078,0.1969309462915601,0.0,0.0,0.0,77.0,2.0,391.0,1.624902138131682,-1.624902138131682,0.0,0.0,0.0,4.343805421853684,5.968707559985366
fibert,3.9597931757971034,18.474414828130676,0.7525,0.6365199155864444,0.23394455055086918,0.26830070560772457,0.6519358527714408,0.4959307449260497,0.6922430308710747,2.704628358293916,10.178066908752884,16.869075504157532,90.7413914452394,0.0,843.6134583556606,412.6944619487092,8232.000121418168,-3.0,41438.0,35.31743894664504,51.7975,161.0,1.0,0.05329686203355764,0.14285714285714285,0.23394439723200194,0.06094451863542552,10.29625,0.09712273886123589,0.0,0.0,0.0,800.0,7.0,8237.0,2.3317797512733214,-2.3317797512733214,0.0,0.0,0.0,6.684611727667927,9.016391478941248
forex,42.39329267094195,3716.4863234344166,0.2,0.5040958357102111,0.5144324015972618,0.5198630918425555,0.5148431260695949,0.5187221905305192,0.6758014831717056,0.9986622382724728,18.564615177275265,7.717750352052077,63.41152534888482,1.4419740338082192,1926.7557950289688,644.4572671920173,6424.724644621927,2.1400149981508783,376730.0,245.20399670478457,37673.0,38197.0,37458.0,0.02152880775812893,0.5,0.5215288077581289,0.47847119224187107,4382.5,0.00022818026240730178,0.0,0.0,0.0,10.0,2.0,43825.0,8.38537461679539,-8.385374616795389,0.0,0.0,0.0,2.302585092994046,10.687959709789435
gesture,1.9559722968583895,5.329666817043096,0.375,0.39561950931732776,0.35317040514024084,0.4427073987149398,0.3723252407884781,0.41334205430084775,0.42266004899131754,2.193423736133549,2.269373818644307,0.9533590816204958,7.170450719696103,-1.883569620858443,51.24542619424408,47.79748901111473,193.79915969456604,7.597270685571763,283105.0,933.4311197262696,8847.03125,9839.0,6548.0,0.08222725479309748,0.2,0.2987946925959688,0.10108376380026335,308.53125,0.0032411627671427123,0.0,0.0,0.0,32.0,5.0,9873.0,5.731823134811723,-5.731823134811723,0.0,0.0,0.0,3.4657359027997265,9.19755903761145
heart,1.1280760164490713,4.322131749110628,0.23076923076923078,0.4811475409836065,0.1278688524590164,0.7091256830601094,0.673497267759563,0.7720765027322405,0.7618032786885246,0.9942646092619051,0.8365586024621575,0.40548015293523243,1.976803464683451,-0.7874122909518428,1.6221293663736858,0.24344165952287483,4.411682119729873,-1.4540998217468801,398.0,43.825771240813,30.615384615384617,152.0,2.0,0.044554455445544566,0.5,0.5445544554455446,0.45544554455445546,23.307692307692307,0.0429042904290429,0.0,0.0,0.0,13.0,2.0,303.0,3.1487834480478325,-3.1487834480478325,0.0,0.0,0.0,2.5649493574615367,5.713732805509369
helena,0.5480034107126921,-0.22669530257212944,0.1111111111111111,0.17752621324323395,0.09747531355908678,0.10089576362935733,0.21774334382411986,0.23282095313869622,0.2989447090535849,5.977668312442416,3.7151929784480857,-0.77407162724204,2.5100777114921398,-11.497902959397726,80.96084053361737,39.4618838936176,266.31120560973744,-1.5982520677771384,1540037.0,16401.1127180315,57038.40740740741,64273.0,846.0,0.011306662312740273,0.010000000000000002,0.06143014908890116,0.001702558439168047,2414.6666666666665,0.0004141358365543898,0.0,0.0,0.0,27.0,100.0,65196.0,7.789316530335194,-7.789316530335195,0.0,0.0,0.0,3.295836866004329,11.085153396339523
higgs,0.6468785372148994,-1.2972724146076027,0.6785714285714286,0.569062386899999,0.5285723736894118,0.6069617482777593,0.6277167539211057,0.5993431176647779,0.6399657272133235,0.9976431276397518,1.6404931210974107,1.3573912122883818,5.981598777947566,-0.005561890345379902,15.259104971371931,7.897408159801171,63.886419087419966,-1.8618101699032652,849558.0,35245.477181187256,30341.35714285714,92942.0,3.0,0.028572448469642714,0.5,0.5285724484696427,0.47142755153035726,3501.75,0.00028557149996430355,0.0,0.0,0.0,28.0,2.0,98049.0,8.161018122519156,-8.161018122519156,0.0,0.0,0.0,3.332204510175204,11.49322263269436
house_data,4.02051100280753,34.49998714562018,0.05555555555555555,0.4843375344666449,0.4155340455360591,0.4827165223560729,0.6003783878039859,0.5560534502076268,0.6029236984830769,2.1874977999616574,3.9421733340044676,3.110518641253427,13.059112541314752,-0.48523679681994325,73.7603530022393,38.31280226469202,285.01159582778826,-0.8535590381317446,31266.0,2968.525896804675,1737.0,9782.0,2.0,0.12745304961931103,0.08333333333333333,0.41553694535696106,4.6268449544255775e-05,1200.7222222222222,0.0008328320917966039,0.0,0.0,0.0,18.0,12.0,21613.0,7.090678506587754,-7.090678506587754,0.0,0.0,0.0,2.8903717578961645,9.981050264483919
jannis,0.5487865026523779,-0.21098043489871454,0.2037037037037037,0.47002970084051554,0.46005757373073397,0.5175618349366158,0.5847634288077221,0.4969127929142907,0.6348392963757756,1.5994704117451892,2.760836599485843,-0.28275018370058325,2.4817302592759907,-10.429076422495578,49.81777451708444,20.287154522335797,216.14511847811906,-1.5899629305127245,3871525.0,20914.913233515952,71694.9074074074,82247.0,854.0,0.16676479113775156,0.25,0.4600575639234233,0.02014737319814171,1550.611111111111,0.0006449070259037656,0.0,0.0,0.0,54.0,4.0,83733.0,7.346404397444153,-7.346404397444153,0.0,0.0,0.0,3.9889840465642745,11.335388444008428
jasmine,0.7962315932178028,0.6689392081478269,0.5208333333333334,0.7466465436803705,0.49263318831292935,0.7627252594066529,0.738597349161917,0.6819814958461209,0.7885366429462749,1.0,6.609731976954438,4.35413399340725,54.59853784885625,-1.0412706138308085,285.9360893221175,60.92546552335418,2979.0003352329886,-1.996977139278622,2465.0,123.74225545507088,17.118055555555557,1470.0,2.0,0.0,0.5,0.5,0.5,20.72222222222222,0.04825737265415549,0.0,0.0,0.0,144.0,2.0,2984.0,3.031206661747651,-3.031206661747651,0.0,0.0,0.0,4.969813299576001,8.001019961323651
kc1,7.691004710080445,88.93677112577691,0.047619047619047616,0.6136269995834788,0.8454976303317535,0.8454976303317535,0.6847609505690582,0.7705969762808029,0.7980885051389717,0.6211733422333799,1.9675874907373716,4.20018808788272,8.782781823337512,1.1399543345522907,28.470211762676826,31.775080680731712,102.83198480890036,1.2356102828065971,5420.0,327.45103665417776,258.0952380952381,961.0,12.0,0.34542437174016116,0.5,0.8454243717401612,0.15457562825983878,100.42857142857143,0.00995732574679943,0.0,0.0,0.0,21.0,2.0,2109.0,4.609446742755352,-4.609446742755352,0.0,0.0,0.0,3.044522437723423,7.653969180478774
madeline,0.02428890133746722,-0.33600176809676263,0.5444015444015444,0.7140127388535031,0.48471337579617835,0.6197452229299363,0.7563694267515924,0.6000000000000001,0.569108280254777,0.9999762953997441,0.05335592118948884,0.03400205140580393,0.19018412201218576,-0.12010571393941695,0.23823378565491526,0.06001607797995883,0.4731214937790016,-0.9633747969501258,38327.0,92.03753018863318,147.98069498069498,610.0,8.0,0.0028662420382165876,0.5,0.5028662420382166,0.49713375796178344,12.123552123552123,0.08248407643312101,0.0,0.0,0.0,259.0,2.0,3140.0,2.495150017202761,-2.495150017202761,0.0,0.0,0.0,5.556828061699537,8.0519780789023
numerai28.6,-0.048150688050994796,-0.5969429063701184,0.6190476190476191,0.5020867940199336,0.5099044850498339,0.5144206810631229,0.503031561461794,0.5191756644518273,0.5230897009966778,0.9999228673926669,0.04091316990274413,-0.002565824979151093,0.06818063225683689,-0.10028564539702077,0.047368674525670396,-1.2005500993818379,-1.1273606776434326,-1.3004622012256983,21015.0,0.45175395145262554,1000.7142857142857,1001.0,1000.0,0.005170265780730876,0.5,0.5051702657807309,0.4948297342192691,4586.666666666667,0.00021802325581395349,0.0,0.0,0.0,21.0,2.0,96320.0,8.430908822819225,-8.430908822819225,0.0,0.0,0.0,3.044522437723423,11.475431260542647
pd_speech_features,2.550491895139899,14.001047999152785,0.0013280212483399733,0.6851603346113629,0.7460613454165215,0.7064046706169398,0.7499825723248519,0.7129923318229349,0.6044876263506448,0.8175072881213616,6.482681568456375,2.2671853769998873,26.43001129305799,-25.621845056760467,109.85240225184819,63.3385801160476,712.7544011451088,-1.995964691046658,539980.0,92.00248792625503,717.1049136786189,755.0,2.0,0.24603174603174605,0.5,0.746031746031746,0.25396825396825395,1.00398406374502,0.996031746031746,0.0,0.0,0.0,753.0,2.0,756.0,0.003976148379639417,-0.003976148379639406,0.0,0.0,0.0,6.6240652277998935,6.628041376179533
philippine,1.824687771729543,8.938295030347545,0.03571428571428571,0.5817915782944643,0.6049389956214422,0.7235911523441232,0.700276323892757,0.6863850220691663,0.7227374878924571,1.0,7.444304839416727,2.722588129903819,62.11687224390204,-7.704527881029188,421.98252297884454,102.27599455453625,4251.745764458807,-1.2582197019842911,1473189.0,1821.3164239469468,4783.081168831169,5822.0,31.0,0.0,0.5,0.5,0.5,18.935064935064936,0.05281207133058985,0.0,0.0,0.0,308.0,2.0,5832.0,2.9410154907149195,-2.9410154907149195,0.0,0.0,0.0,5.730099782973574,8.671115273688494
phoneme,-0.07752992369434411,-1.2455079321100126,1.0,0.901184945352383,0.7538868331791551,0.7538868331791551,0.869725391441395,0.7612848185836161,0.7574017542056396,0.8731822577241407,0.4927578388611471,0.7792488840631137,1.481981550000297,0.2094366960764342,1.0952004194703568,0.33832463723493866,1.7623745848801562,-0.8576005762603258,25791.0,329.80745898175195,5158.2,5336.0,4499.0,0.20651369356032567,0.5,0.7065136935603257,0.2934863064396743,1080.8,0.000925240562546262,0.0,0.0,0.0,5.0,2.0,5404.0,6.985456786645989,-6.985456786645989,0.0,0.0,0.0,1.6094379124341003,8.59489469908009
thyroid-allhyper,1.2177678516253048,9.57006838226818,0.15384615384615385,0.495,0.5828571428571429,0.6092857142857143,0.6085714285714287,0.20964285714285716,0.6939285714285715,1.5276631408411314,10.587465345563288,5.980836609838386,52.88667466640773,-3.5053855274113768,533.1003545117031,151.89385346740653,2795.0003572704536,-1.3008870774394627,1030.0,76.70576997807267,39.61538461538461,264.0,2.0,0.21277635091852684,0.2,0.5828571428571429,0.01107142857142857,107.6923076923077,0.009285714285714286,0.0,0.0,0.0,26.0,5.0,2800.0,4.6792781581418135,-4.6792781581418135,0.0,0.0,0.0,3.258096538021482,7.937374696163295
vehicle,0.7867055126465828,-0.31739088046696295,0.05555555555555555,0.6383153498085624,0.31564218586843024,0.3912217194570136,0.7375287156282632,0.47042116254785943,0.7895788374521406,1.999066765534363,1.6489218646769614,1.0397300490278392,6.766369266562171,-0.2259397681864609,14.734926636796565,5.1156511354046215,58.02393350124735,-0.9797817560789444,1430.0,93.66205339898106,79.44444444444444,424.0,13.0,0.00894370328039098,0.25,0.2576832151300236,0.23522458628841608,47.0,0.02127659574468085,0.0,0.0,0.0,18.0,4.0,846.0,3.8501476017100584,-3.8501476017100584,0.0,0.0,0.0,2.8903717578961645,6.740519359606223
volkert,0.0026782471662555136,-0.4821777281377164,0.06666666666666667,0.6141656662665066,0.253935860058309,0.38557708797804835,0.5320185216943921,0.31548619447779114,0.548859543817527,2.9612796651381568,4.453056545768456,2.5919487900424736,28.833431499567048,-1.3884775670324223,128.2851679509129,38.576562107110284,1338.8503866413628,-3.0,789279.0,8909.155794446644,4384.883333333333,39120.0,1.0,0.069797552834484,0.1,0.21961927628194136,0.023340764877379523,323.94444444444446,0.0030869490653404217,0.0,0.0,0.0,180.0,10.0,58310.0,5.780572033325991,-5.780572033325991,0.0,0.0,0.0,5.19295685089021,10.973528884216202
wine_quality,0.01314085415898236,-0.2904649776763728,0.09090909090909091,0.39756818854740333,0.4365188606620478,0.43559542843607507,0.41250145082015754,0.38957884763427486,0.5105501273168709,1.8376039948582685,1.4022696453047898,1.3631093539365975,5.398580962521252,-0.001177206365785427,13.884389023935585,8.008491635444235,50.85796611348581,-0.5322016529263056,2651.0,250.0178175468882,241.0,998.0,89.0,0.1628165265473009,0.14285714285714285,0.43650915807295676,0.0007695859627520394,590.6363636363636,0.0016930891180544866,0.0,0.0,0.0,11.0,7.0,6497.0,6.381200538082161,-6.381200538082161,0.0,0.0,0.0,2.3978952727983707,8.77909581088053
analcatdata_authorship,0.7186580306028174,-0.2579881169133347,0.4714285714285714,0.8143209354747816,0.225,0.02976190476190476,0.5164835164835164,0.6788109326570865,0.8881093265708649,1.7874160492261657,0.676602972056641,1.112712953474808,4.079893252760698,-0.040636276541328266,3.612692531718307,2.3380011583006404,21.09857230029302,-0.7926969469208545,2020.0,21.286001915602196,28.857142857142858,137.0,6.0,0.125047620513428,0.25,0.3769322235434007,0.06539833531510107,12.014285714285714,0.08323424494649227,0.0,0.0,0.0,70.0,4.0,841.0,2.486096417923589,-2.486096417923589,0.0,0.0,0.0,4.248495242049359,6.734591659972948
gas-drift,2.2863802218050404,7.3926414121705175,0.015625,0.7720345075485262,0.2500359453630482,0.37893601725377424,0.7567217828900072,0.5275341480948957,0.8721782890007189,2.5456958326360266,29.03392842694166,4.61981080803373,117.92217792472766,-87.64442143393968,2825.602602335333,1036.7754775503972,13904.093378706568,-0.07443347667350819,1778608.0,15.088281877006407,13895.375,13910.0,13820.0,0.03879914506872781,0.16666666666666666,0.21631919482386772,0.1179726815240834,108.671875,0.009202012940330698,0.0,0.0,0.0,128.0,6.0,13910.0,4.688333020997871,-4.688333020997871,0.0,0.0,0.0,4.852030263919617,9.540363284917488
har,0.32612650636000573,-1.5134776841657192,0.12299465240641712,0.884260197946972,0.35012985849479206,0.35556745898895215,0.8612490274758695,0.7419223206665503,0.9618414538115874,2.5759228762942774,2.282199652458203,1.6368591415596545,14.02744036020708,-3.4898937113526443,36.970254863911165,13.655742080951006,373.24743044839477,-1.847039171736927,4659543.0,2239.2719261883944,8305.7807486631,10274.0,26.0,0.01848767968145989,0.16666666666666666,0.1887561899213516,0.13651810855422858,18.358288770053477,0.05447130789397029,0.0,0.0,0.0,561.0,6.0,10299.0,2.9100811766031054,-2.9100811766031054,0.0,0.0,0.0,6.329720905522696,9.239802082125802
hill,3.207685529069923,10.692656483059718,0.01,0.6336496275890215,0.48189640512872833,0.4852055912661973,0.5725980342141959,0.5173315648063121,0.6707648879366052,0.9999292854321659,0.04349941796497214,3.2320248052757905,3.3740336319922246,3.183753918479854,0.5193426812975085,10.962969875298416,12.609213744109296,10.466343387366159,121199.0,0.09949874371066199,1211.99,1212.0,1211.0,0.004950495049504955,0.5,0.504950495049505,0.49504950495049505,12.12,0.08250825082508251,0.0,0.0,0.0,100.0,2.0,1212.0,2.4948569806411682,-2.4948569806411682,0.0,0.0,0.0,4.605170185988092,7.10002716662926
ionosphere,0.27070180123966814,-1.2400386332675388,0.7058823529411765,0.843420523138833,0.5642655935613682,0.7951307847082496,0.877625754527163,0.8517505030181086,0.852112676056338,0.9418285354475157,0.6343661177443566,-0.5648560724533246,0.11216403165384112,-2.521556633522611,1.188139824014421,0.24075361761139197,4.358247856061883,-3.0,8148.0,61.711321467230256,239.64705882352942,281.0,1.0,0.14102564102564105,0.5,0.6410256410256411,0.358974358974359,10.323529411764707,0.09686609686609686,0.0,0.0,0.0,34.0,2.0,351.0,2.3344256988497043,-2.3344256988497043,0.0,0.0,0.0,3.5263605246161616,5.860786223465865
isolet,0.006154350898081,-1.1334438229159847,0.24149108589951376,0.9949999999999999,0.5283333333333333,0.975,0.9650000000000001,0.9466666666666667,0.9400000000000001,1.0,3.0713346210408643,0.8337151115052244,21.014627984711954,-6.182823695683973,40.59389685428264,11.098660023606028,476.2270053330048,-1.3807817915143914,267241.0,172.97815428361326,433.12965964343596,583.0,2.0,0.0,0.5,0.5,0.5,0.9724473257698542,1.0283333333333333,0.0,0.0,0.0,617.0,2.0,600.0,-0.027939368689241423,0.027939368689241434,0.0,0.0,0.0,6.424869023905388,6.396929655216146
mobile_price,0.006599866045882035,-1.1922483100389452,0.2,0.9085000000000001,0.24299999999999997,0.5,0.8305,0.807,0.9475000000000001,2.0,0.4107127195454522,0.06315360302879597,1.0190463925723268,-1.2272203362251917,0.6042425696507192,-1.2178154779652028,0.27338561771466496,-1.9998559948158132,5236.0,490.3981647600244,261.8,1562.0,2.0,0.0,0.25,0.25,0.25,100.0,0.01,0.0,0.0,0.0,20.0,4.0,2000.0,4.605170185988092,-4.605170185988091,0.0,0.0,0.0,2.995732273553991,7.600902459542082
mozilla4,0.8714800584027282,-0.2990400121879495,0.4,0.8941138629784497,0.6714055966548729,0.9344483756834995,0.8797684142811193,0.682084271469926,0.807204889031843,0.9134838311406802,2.2691571883854187,1.4713299566801221,5.892052616267206,-0.27413809903909075,21.811499158557513,9.971886413353488,53.57332841647858,-1.9248483026552334,25215.0,3964.217602503677,5043.0,10599.0,2.0,0.17140559665487295,0.5,0.671405596654873,0.3285944033451271,3109.0,0.000321646831778707,0.0,0.0,0.0,5.0,2.0,15545.0,8.042056410058754,-8.042056410058754,0.0,0.0,0.0,1.6094379124341003,9.651494322492853
nasa,0.29534828352618386,-1.120170252681939,0.030303030303030304,0.7821801193756783,0.8389288501842064,0.8389288501842064,0.9942414774731315,0.8389288501842064,0.9135973585343597,0.6368961718704141,7.5834901291586485,4.486497123837693,17.66445170695356,-4.031090851757636,278.2916184031494,160.1116574202447,651.894329848572,-1.565438396207411,82683.0,1872.2449834989316,2505.5454545454545,4686.0,10.0,0.3389161510561126,0.5,0.8389161510561126,0.16108384894388736,142.03030303030303,0.007040751013441433,0.0,0.0,0.0,33.0,2.0,4687.0,4.956040436456226,-4.956040436456226,0.0,0.0,0.0,3.4965075614664802,8.452547997922705
page,17.281035707044833,386.4107405623861,0.2,0.9384176036997154,0.8976683111701018,0.9312894743432422,0.9449962852587379,0.8415975891746597,0.9362273254697687,0.6354628258660037,18.8852508493681,14.707419652854004,67.40692529043788,-0.8344887070752683,1402.8637823740714,652.2323161191139,4812.487252279658,0.6902000566295117,9092.0,482.63729652814857,909.2,1718.0,104.0,0.3493331771572183,0.2,0.8976795176320117,0.0051160241183994155,547.3,0.0018271514708569341,0.0,0.0,0.0,10.0,5.0,5473.0,6.304997098149872,-6.304997098149872,0.0,0.0,0.0,2.302585092994046,8.607582191143917
robot,0.12033811834299697,-0.8831080176847927,0.8333333333333334,0.7890484248412755,0.39717854708688805,0.6988604734709225,0.9778260694392683,0.5186987775438737,0.6376486941106556,1.714632742265977,1.0629071798045784,1.5218390965935076,3.82908846454257,0.017559119278073607,4.557816812682404,2.365552668512563,14.335345446651722,-1.6042248496445555,39109.0,324.640439456571,1629.5416666666667,2068.0,971.0,0.14797623656682052,0.25,0.4041422287390029,0.060117302052785926,227.33333333333334,0.004398826979472141,0.0,0.0,0.0,24.0,4.0,5456.0,5.426417369175352,-5.426417369175352,0.0,0.0,0.0,3.1780538303479458,8.604471199523298
run_or_walk,0.06608560706216665,-0.17222919901147282,0.8333333333333334,0.9375984896757256,0.34445004881434,0.8372780753462667,0.9718357954067864,0.732185823465483,0.7045211375142578,0.9999981465894787,1.1483540394877185,-0.7596118030538074,0.09487701407812907,-3.2002561705577284,3.502198159327902,2.989450371614366,9.486971806693633,-0.19489888327435834,205203.0,10734.381751332181,34200.5,51296.0,19698.0,0.000801462952092824,0.5,0.5008014629520928,0.4991985370479072,14764.666666666666,6.772926355714092e-05,0.0,0.0,0.0,6.0,2.0,88588.0,9.59999221801168,-9.59999221801168,0.0,0.0,0.0,1.791759469228055,11.391751687239736
spambase,8.687603616031858,143.57325442394776,0.03508771929824561,0.7020466883821934,0.699715337770854,0.7487957324269461,0.825481754236888,0.8152242364159941,0.8161679176698297,0.9673602371807668,6.895040257896881,11.182991741438656,31.051936629278327,1.591155310295409,294.30154261178177,240.90671025613483,1479.0321922910541,5.250379008141049,15094.0,309.41407211199936,264.8070175438597,2161.0,38.0,0.10595522712453817,0.5,0.6059552271245382,0.39404477287546186,80.71929824561404,0.01238861117148446,0.0,0.0,0.0,57.0,2.0,4601.0,4.390977682320918,-4.390977682320918,0.0,0.0,0.0,4.04305126783455,8.434028950155469
sylvine,0.5378261913890573,-0.430127742634125,0.25,0.7462949695121951,0.5558180259146341,0.9113965320121953,0.9082751524390243,0.8930518292682926,0.885443407012195,1.0,0.9809365435785138,0.1082151968654301,1.7616293180400293,-1.1684531458183418,1.4881661292704442,0.9294587311933065,4.5168566573624345,-1.2246632076657686,17015.0,983.7950942650608,850.75,2620.0,48.0,0.0,0.5,0.5,0.5,256.2,0.0039032006245121,0.0,0.0,0.0,20.0,2.0,5124.0,5.545958389462633,-5.545958389462634,0.0,0.0,0.0,2.995732273553991,8.541690663016626
wall-robot,0.12033811834299697,-0.8831080176847927,0.8333333333333334,0.7890484248412755,0.39717854708688805,0.6988604734709225,0.9778260694392683,0.5186987775438737,0.6376486941106556,1.714632742265977,1.0629071798045784,1.5218390965935076,3.82908846454257,0.017559119278073607,4.557816812682404,2.365552668512563,14.335345446651722,-1.6042248496445555,39109.0,324.640439456571,1629.5416666666667,2068.0,971.0,0.14797623656682052,0.25,0.4041422287390029,0.060117302052785926,227.33333333333334,0.004398826979472141,0.0,0.0,0.0,24.0,4.0,5456.0,5.426417369175352,-5.426417369175352,0.0,0.0,0.0,3.1780538303479458,8.604471199523298
wilt,0.3059387615863514,1.0053338811851944,0.4,0.972913800029058,0.9460344252907946,0.9460344252907946,0.9729135863666276,0.8474822019195433,0.9476885998273608,0.3028903171988337,3.507097958627594,3.3723835395154693,7.729121691759186,-0.7505497799177427,49.56300576774934,47.95708849452926,119.6145077612377,-0.01654034974172447,22604.0,277.08006063230175,4520.8,4802.0,4145.0,0.44606323620582766,0.5,0.9460632362058277,0.05393676379417235,967.8,0.0010332713370531101,0.0,0.0,0.0,5.0,2.0,4839.0,6.875025454359218,-6.875025454359218,0.0,0.0,0.0,1.6094379124341003,8.48446336679332
covtype,0.7103139533167911,-0.16929126058275612,0.037037037037037035,0.6538404214936019,0.4878620613174508,0.42322540569703976,0.6549314190854336,0.3853447975003469,0.6240384563614149,1.738679117310453,59.937885787847655,20.551282239978953,440.0768872274827,-1.181143613132622,26073.15851399195,4013.305313436682,193665.6666718297,-1.9577213276788097,16004.0,1119.3600403189432,296.3703703703704,5827.0,2.0,0.18285379590412193,0.14285714285714288,0.48759922342395684,0.004727957426008413,10759.481481481482,9.294128176354361e-05,0.0,0.0,0.0,54.0,7.0,581012.0,9.283542643101233,-9.283542643101233,0.0,0.0,0.0,3.9889840465642745,13.272526689665506
BNG_australian,0.16852831946390387,-1.5048182276191449,0.6428571428571429,0.7992440000000001,0.6426109999999999,0.8384,0.8111730000000001,0.83249,0.851459,0.984547011505469,1.3201326245015317,0.6621906716272701,3.0311164294678954,-1.5405434359675547,5.162836112200532,2.245154053873367,16.558367146582267,-1.9975609192436106,3135338.0,240878.0063326154,223952.7142857143,647230.0,2.0,0.07305099999999998,0.5,0.573051,0.426949,71428.57142857143,1.4e-05,0.0,0.0,0.0,14.0,2.0,1000000.0,11.176453228349015,-11.176453228349015,0.0,0.0,0.0,2.6390573296152584,13.815510557964274